uri,text
https://boris.unibe.ch/id/eprint/3761,"Klein Cardoso, Silas"
https://boris.unibe.ch/id/eprint/171079,"Schroer, Silvia Maria"
https://boris.unibe.ch/id/eprint/10899,"Schliesser, Benjamin"
https://boris.unibe.ch/id/eprint/28805,"Schliesser, Benjamin"
https://boris.unibe.ch/id/eprint/113465,"Schroer, Silvia Maria"
https://boris.unibe.ch/id/eprint/102177,"Klein Cardoso, Silas"
https://boris.unibe.ch/id/eprint/48917,"Schliesser, Benjamin"
https://boris.unibe.ch/id/eprint/30027,"Schliesser, Benjamin"
https://boris.unibe.ch/id/eprint/25175,"Schliesser, Benjamin"
https://boris.unibe.ch/id/eprint/28972,"Schliesser, Benjamin"
https://boris.unibe.ch/id/eprint/86209,"Hirsch-Luipold, Rainer"
https://boris.unibe.ch/id/eprint/102271,"Klein Cardoso, Silas"
https://boris.unibe.ch/id/eprint/86229,"Hirsch-Luipold, Rainer"
https://boris.unibe.ch/id/eprint/25176,"Schliesser, Benjamin"
https://boris.unibe.ch/id/eprint/123297,"Hirsch-Luipold, Rainer"
https://boris.unibe.ch/id/eprint/37406,"Klein Cardoso, Silas"
https://boris.unibe.ch/id/eprint/180652,"Hirsch-Luipold, Rainer"
https://boris.unibe.ch/id/eprint/63660,"Schliesser, Benjamin"
https://boris.unibe.ch/id/eprint/36691,"Klein Cardoso, Silas"
https://boris.unibe.ch/id/eprint/48616,"Hirsch-Luipold, Rainer"
https://boris.unibe.ch/id/eprint/132264,"Schroer, Silvia Maria"
https://boris.unibe.ch/id/eprint/36677,"Klein Cardoso, Silas"
https://boris.unibe.ch/id/eprint/49230,"Schliesser, Benjamin"
https://boris.unibe.ch/id/eprint/129135,"Hirsch-Luipold, Rainer"
https://boris.unibe.ch/id/eprint/74908,"Schliesser, Benjamin"
https://boris.unibe.ch/id/eprint/102179,"Klein Cardoso, Silas"
https://boris.unibe.ch/id/eprint/172058,"Rahn, Nancy"
https://boris.unibe.ch/id/eprint/167846,"Wagner, Andreas"
https://boris.unibe.ch/id/eprint/140342,"Wagner, Andreas"
https://boris.unibe.ch/id/eprint/140344,"Wagner, Andreas"
https://boris.unibe.ch/id/eprint/19551,"Schliesser, Benjamin"
https://boris.unibe.ch/id/eprint/173803,"Rahn, Nancy"
https://boris.unibe.ch/id/eprint/154876,"Wagner, Andreas"
https://boris.unibe.ch/id/eprint/2907,"Klein Cardoso, Silas"
https://boris.unibe.ch/id/eprint/19554,"Schliesser, Benjamin"
https://boris.unibe.ch/id/eprint/129468,"Hirsch-Luipold, Rainer"
https://boris.unibe.ch/id/eprint/147552,"Hirsch-Luipold, Rainer"
https://boris.unibe.ch/id/eprint/102228,"Klein Cardoso, Silas"
https://boris.unibe.ch/id/eprint/10852,"Hirsch-Luipold, Rainer"
https://boris.unibe.ch/id/eprint/168718,"Schliesser, Benjamin"
https://boris.unibe.ch/id/eprint/102273,"Klein Cardoso, Silas"
https://boris.unibe.ch/id/eprint/173805,"Rahn, Nancy"
https://boris.unibe.ch/id/eprint/10856,"Hirsch-Luipold, Rainer"
https://boris.unibe.ch/id/eprint/110117,"Schliesser, Benjamin"
https://boris.unibe.ch/id/eprint/102164,"Klein Cardoso, Silas"
https://boris.unibe.ch/id/eprint/140337,"Schliesser, Benjamin"
https://boris.unibe.ch/id/eprint/113462,"Schroer, Silvia Maria"
https://boris.unibe.ch/id/eprint/113466,"Schroer, Silvia Maria"
https://boris.unibe.ch/id/eprint/98955,"Hirsch-Luipold, Rainer"
https://boris.unibe.ch/id/eprint/102213,"Klein Cardoso, Silas"
https://boris.unibe.ch/id/eprint/136495,"Hirsch-Luipold, Rainer"
https://boris.unibe.ch/id/eprint/129778,"Schliesser, Benjamin"
https://boris.unibe.ch/id/eprint/83748,"Hirsch-Luipold, Rainer"
https://boris.unibe.ch/id/eprint/140345,"Wagner, Andreas"
https://boris.unibe.ch/id/eprint/167837,"Schliesser, Benjamin"
https://boris.unibe.ch/id/eprint/129777,"Schliesser, Benjamin"
https://boris.unibe.ch/id/eprint/63661,"Schliesser, Benjamin"
https://boris.unibe.ch/id/eprint/172081,"Rahn, Nancy"
https://boris.unibe.ch/id/eprint/90627,"Hirsch-Luipold, Rainer"
https://boris.unibe.ch/id/eprint/102204,"Klein Cardoso, Silas"
https://boris.unibe.ch/id/eprint/141502,"Hirsch-Luipold, Rainer"
https://boris.unibe.ch/id/eprint/172082,"Rahn, Nancy"
https://boris.unibe.ch/id/eprint/102195,"Klein Cardoso, Silas"
https://boris.unibe.ch/id/eprint/132266,"Schroer, Silvia Maria"
https://boris.unibe.ch/id/eprint/102193,"Klein Cardoso, Silas"
https://boris.unibe.ch/id/eprint/132267,"Schroer, Silvia Maria"
https://boris.unibe.ch/id/eprint/2915,"Schliesser, Benjamin"
https://boris.unibe.ch/id/eprint/155474,"Schroer, Silvia Maria"
https://boris.unibe.ch/id/eprint/36687,"Klein Cardoso, Silas"
https://boris.unibe.ch/id/eprint/36690,"Klein Cardoso, Silas"
https://boris.unibe.ch/id/eprint/86211,"Hirsch-Luipold, Rainer"
https://boris.unibe.ch/id/eprint/98610,"Schroer, Silvia Maria"
https://boris.unibe.ch/id/eprint/32808,"Schliesser, Benjamin"
https://boris.unibe.ch/id/eprint/123293,"Hirsch-Luipold, Rainer"
https://boris.unibe.ch/id/eprint/28787,"Schliesser, Benjamin"
https://boris.unibe.ch/id/eprint/182316,"Hirsch-Luipold, Rainer"
https://boris.unibe.ch/id/eprint/171081,"Schroer, Silvia Maria"
https://boris.unibe.ch/id/eprint/10902,"Schliesser, Benjamin"
https://boris.unibe.ch/id/eprint/172083,"Rahn, Nancy"
https://boris.unibe.ch/id/eprint/15903,"Hirsch-Luipold, Rainer"
https://boris.unibe.ch/id/eprint/129461,"Hirsch-Luipold, Rainer"
https://boris.unibe.ch/id/eprint/59629,"Klein Cardoso, Silas"
https://boris.unibe.ch/id/eprint/67645,"Hirsch-Luipold, Rainer"
https://boris.unibe.ch/id/eprint/36679,"Klein Cardoso, Silas"
https://boris.unibe.ch/id/eprint/102216,"Klein Cardoso, Silas"
https://boris.unibe.ch/id/eprint/36684,"Klein Cardoso, Silas"
https://boris.unibe.ch/id/eprint/102215,"Klein Cardoso, Silas"
https://boris.unibe.ch/id/eprint/160232,"Schliesser, Benjamin"
https://boris.unibe.ch/id/eprint/102223,"Klein Cardoso, Silas"
https://boris.unibe.ch/id/eprint/16744,"Schliesser, Benjamin"
https://boris.unibe.ch/id/eprint/129140,"Hirsch-Luipold, Rainer"
https://boris.unibe.ch/id/eprint/2914,"Schliesser, Benjamin"
https://boris.unibe.ch/id/eprint/102208,"Klein Cardoso, Silas"
https://boris.unibe.ch/id/eprint/173950,"Rahn, Nancy"
https://boris.unibe.ch/id/eprint/94307,"Schliesser, Benjamin"
https://boris.unibe.ch/id/eprint/63659,"Schliesser, Benjamin"
https://boris.unibe.ch/id/eprint/32866,"Schliesser, Benjamin"
https://boris.unibe.ch/id/eprint/155472,"Schroer, Silvia Maria"
https://boris.unibe.ch/id/eprint/140338,"Schliesser, Benjamin"
https://boris.unibe.ch/id/eprint/116703,"Hirsch-Luipold, Rainer"
https://boris.unibe.ch/id/eprint/171083,"Schroer, Silvia Maria"
https://boris.unibe.ch/id/eprint/36686,"Klein Cardoso, Silas"
https://boris.unibe.ch/id/eprint/37403,"Klein Cardoso, Silas"
https://boris.unibe.ch/id/eprint/110119,"Schliesser, Benjamin"
https://boris.unibe.ch/id/eprint/173947,"Rahn, Nancy"
https://boris.unibe.ch/id/eprint/102249,"Klein Cardoso, Silas"
https://boris.unibe.ch/id/eprint/49483,"Schliesser, Benjamin"
https://boris.unibe.ch/id/eprint/124625,"Schroer, Silvia Maria"
https://boris.unibe.ch/id/eprint/129781,"Schliesser, Benjamin"
https://boris.unibe.ch/id/eprint/10903,"Schliesser, Benjamin"
https://boris.unibe.ch/id/eprint/102224,"Klein Cardoso, Silas"
https://boris.unibe.ch/id/eprint/10853,"Hirsch-Luipold, Rainer"
https://boris.unibe.ch/id/eprint/155473,"Schroer, Silvia Maria"
https://boris.unibe.ch/id/eprint/75292,"Schliesser, Benjamin"
https://boris.unibe.ch/id/eprint/140349,"Wagner, Andreas"
https://boris.unibe.ch/id/eprint/10880,"Klein Cardoso, Silas"
https://boris.unibe.ch/id/eprint/86212,"Hirsch-Luipold, Rainer"
https://boris.unibe.ch/id/eprint/16745,"Schliesser, Benjamin"
https://boris.unibe.ch/id/eprint/129465,"Hirsch-Luipold, Rainer"
https://boris.unibe.ch/id/eprint/19549,"Schliesser, Benjamin"
https://boris.unibe.ch/id/eprint/102180,"Klein Cardoso, Silas"
https://boris.unibe.ch/id/eprint/16747,"Schliesser, Benjamin"
https://boris.unibe.ch/id/eprint/102275,"Klein Cardoso, Silas"
https://boris.unibe.ch/id/eprint/75290,"Schliesser, Benjamin"
https://boris.unibe.ch/id/eprint/102160,"Klein Cardoso, Silas"
https://boris.unibe.ch/id/eprint/113461,"Schroer, Silvia Maria"
https://boris.unibe.ch/id/eprint/102171,"Klein Cardoso, Silas"
https://boris.unibe.ch/id/eprint/172085,"Rahn, Nancy"
https://boris.unibe.ch/id/eprint/102214,"Klein Cardoso, Silas"
https://boris.unibe.ch/id/eprint/129132,"Hirsch-Luipold, Rainer"
https://boris.unibe.ch/id/eprint/129464,"Hirsch-Luipold, Rainer"
https://boris.unibe.ch/id/eprint/102209,"Klein Cardoso, Silas"
https://boris.unibe.ch/id/eprint/102254,"Klein Cardoso, Silas"
https://boris.unibe.ch/id/eprint/36688,"Klein Cardoso, Silas"
https://boris.unibe.ch/id/eprint/13536,"Hirsch-Luipold, Rainer"
https://boris.unibe.ch/id/eprint/129775,"Schliesser, Benjamin"
https://boris.unibe.ch/id/eprint/183488,"Hirsch-Luipold, Rainer"
https://boris.unibe.ch/id/eprint/171078,"Schroer, Silvia Maria"
https://boris.unibe.ch/id/eprint/3760,"Klein Cardoso, Silas"
https://boris.unibe.ch/id/eprint/102282,"Klein Cardoso, Silas"
https://boris.unibe.ch/id/eprint/102218,"Klein Cardoso, Silas"
https://boris.unibe.ch/id/eprint/49451,"Hirsch-Luipold, Rainer"
https://boris.unibe.ch/id/eprint/32864,"Schliesser, Benjamin"
https://boris.unibe.ch/id/eprint/147561,"Hirsch-Luipold, Rainer"
https://boris.unibe.ch/id/eprint/98777,"Schliesser, Benjamin"
https://boris.unibe.ch/id/eprint/113781,"Schliesser, Benjamin"
https://boris.unibe.ch/id/eprint/173819,"Rahn, Nancy"
https://boris.unibe.ch/id/eprint/123294,"Hirsch-Luipold, Rainer"
https://boris.unibe.ch/id/eprint/124606,"Schroer, Silvia Maria"
https://boris.unibe.ch/id/eprint/102197,"Klein Cardoso, Silas"
https://boris.unibe.ch/id/eprint/102203,"Klein Cardoso, Silas"
https://boris.unibe.ch/id/eprint/74907,"Schliesser, Benjamin"
https://boris.unibe.ch/id/eprint/113464,"Schroer, Silvia Maria"
https://boris.unibe.ch/id/eprint/102278,"Klein Cardoso, Silas"
https://boris.unibe.ch/id/eprint/102184,"Klein Cardoso, Silas"
https://boris.unibe.ch/id/eprint/102229,"Klein Cardoso, Silas"
https://boris.unibe.ch/id/eprint/173799,"Rahn, Nancy"
https://boris.unibe.ch/id/eprint/15904,"Hirsch-Luipold, Rainer"
https://boris.unibe.ch/id/eprint/36682,"Klein Cardoso, Silas"
https://boris.unibe.ch/id/eprint/167593,"Schliesser, Benjamin"
https://boris.unibe.ch/id/eprint/181343,"Schliesser, Benjamin"
https://boris.unibe.ch/id/eprint/102261,"Klein Cardoso, Silas"
https://boris.unibe.ch/id/eprint/155520,"Hirsch-Luipold, Rainer"
https://boris.unibe.ch/id/eprint/15075,"Klein Cardoso, Silas"
https://boris.unibe.ch/id/eprint/129139,"Hirsch-Luipold, Rainer"
https://boris.unibe.ch/id/eprint/36680,"Klein Cardoso, Silas"
https://boris.unibe.ch/id/eprint/19550,"Schliesser, Benjamin"
https://boris.unibe.ch/id/eprint/154872,"Schliesser, Benjamin"
https://boris.unibe.ch/id/eprint/171281,"Hirsch-Luipold, Rainer"
https://boris.unibe.ch/id/eprint/16803,"Klein Cardoso, Silas"
https://boris.unibe.ch/id/eprint/154875,"Wagner, Andreas"
https://boris.unibe.ch/id/eprint/34952,"Schliesser, Benjamin"
https://boris.unibe.ch/id/eprint/110116,"Schliesser, Benjamin"
https://boris.unibe.ch/id/eprint/98772,"Schliesser, Benjamin"
https://boris.unibe.ch/id/eprint/140340,"Schliesser, Benjamin"
https://boris.unibe.ch/id/eprint/154870,"Schliesser, Benjamin"
https://boris.unibe.ch/id/eprint/132269,"Schroer, Silvia Maria"
https://boris.unibe.ch/id/eprint/49464,"Hirsch-Luipold, Rainer"
https://boris.unibe.ch/id/eprint/179319,"Rahn, Nancy"
https://boris.unibe.ch/id/eprint/16873,"Hirsch-Luipold, Rainer"
https://boris.unibe.ch/id/eprint/155482,"Schroer, Silvia Maria"
https://boris.unibe.ch/id/eprint/63662,"Schliesser, Benjamin"
https://boris.unibe.ch/id/eprint/171082,"Schroer, Silvia Maria"
https://boris.unibe.ch/id/eprint/102187,"Klein Cardoso, Silas"
https://boris.unibe.ch/id/eprint/102217,"Klein Cardoso, Silas"
https://boris.unibe.ch/id/eprint/102186,"Klein Cardoso, Silas"
https://boris.unibe.ch/id/eprint/155530,"Hirsch-Luipold, Rainer"
https://boris.unibe.ch/id/eprint/37408,"Klein Cardoso, Silas"
https://boris.unibe.ch/id/eprint/102206,"Klein Cardoso, Silas"
https://boris.unibe.ch/id/eprint/30028,"Schliesser, Benjamin"
https://boris.unibe.ch/id/eprint/102274,"Klein Cardoso, Silas"
https://boris.unibe.ch/id/eprint/102272,"Klein Cardoso, Silas"
https://boris.unibe.ch/id/eprint/58616,"Hirsch-Luipold, Rainer"
https://boris.unibe.ch/id/eprint/10883,"Klein Cardoso, Silas"
https://boris.unibe.ch/id/eprint/120358,"Schliesser, Benjamin"
https://boris.unibe.ch/id/eprint/19552,"Schliesser, Benjamin"
https://boris.unibe.ch/id/eprint/47532,"Schliesser, Benjamin"
https://boris.unibe.ch/id/eprint/102176,"Klein Cardoso, Silas"
https://boris.unibe.ch/id/eprint/102246,"Klein Cardoso, Silas"
https://boris.unibe.ch/id/eprint/171080,"Schroer, Silvia Maria"
https://boris.unibe.ch/id/eprint/102247,"Klein Cardoso, Silas"
https://boris.unibe.ch/id/eprint/102250,"Klein Cardoso, Silas"
https://boris.unibe.ch/id/eprint/67654,"Hirsch-Luipold, Rainer"
https://boris.unibe.ch/id/eprint/129131,"Hirsch-Luipold, Rainer"
https://boris.unibe.ch/id/eprint/102258,"Klein Cardoso, Silas"
https://boris.unibe.ch/id/eprint/28970,"Schliesser, Benjamin"
https://boris.unibe.ch/id/eprint/15905,"Hirsch-Luipold, Rainer"
https://boris.unibe.ch/id/eprint/75294,"Schliesser, Benjamin"
https://boris.unibe.ch/id/eprint/102196,"Klein Cardoso, Silas"
https://boris.unibe.ch/id/eprint/32812,"Schliesser, Benjamin"
https://boris.unibe.ch/id/eprint/155517,"Hirsch-Luipold, Rainer"
https://boris.unibe.ch/id/eprint/2900,"Klein Cardoso, Silas"
https://boris.unibe.ch/id/eprint/124605,"Schroer, Silvia Maria"
https://boris.unibe.ch/id/eprint/123298,"Hirsch-Luipold, Rainer"
https://boris.unibe.ch/id/eprint/15074,"Klein Cardoso, Silas"
https://boris.unibe.ch/id/eprint/49481,"Hirsch-Luipold, Rainer"
https://boris.unibe.ch/id/eprint/49462,"Hirsch-Luipold, Rainer"
https://boris.unibe.ch/id/eprint/98779,"Wagner, Andreas"
https://boris.unibe.ch/id/eprint/15065,"Klein Cardoso, Silas"
https://boris.unibe.ch/id/eprint/154873,"Schliesser, Benjamin"
https://boris.unibe.ch/id/eprint/171085,"Schroer, Silvia Maria"
https://boris.unibe.ch/id/eprint/98602,"Schroer, Silvia Maria"
https://boris.unibe.ch/id/eprint/155476,"Schroer, Silvia Maria"
https://boris.unibe.ch/id/eprint/63666,"Schliesser, Benjamin"
https://boris.unibe.ch/id/eprint/49477,"Hirsch-Luipold, Rainer"
https://boris.unibe.ch/id/eprint/15902,"Hirsch-Luipold, Rainer"
https://boris.unibe.ch/id/eprint/13542,"Hirsch-Luipold, Rainer"
https://boris.unibe.ch/id/eprint/10881,"Klein Cardoso, Silas"
https://boris.unibe.ch/id/eprint/102202,"Klein Cardoso, Silas"
https://boris.unibe.ch/id/eprint/102170,"Klein Cardoso, Silas"
https://boris.unibe.ch/id/eprint/28969,"Schliesser, Benjamin"
https://boris.unibe.ch/id/eprint/102221,"Klein Cardoso, Silas"
https://boris.unibe.ch/id/eprint/132268,"Schroer, Silvia Maria"
https://boris.unibe.ch/id/eprint/113569,"Schroer, Silvia Maria"
https://boris.unibe.ch/id/eprint/102192,"Klein Cardoso, Silas"
https://boris.unibe.ch/id/eprint/129130,"Hirsch-Luipold, Rainer"
https://boris.unibe.ch/id/eprint/102212,"Klein Cardoso, Silas"
https://boris.unibe.ch/id/eprint/124608,"Schroer, Silvia Maria"
https://boris.unibe.ch/id/eprint/36678,"Klein Cardoso, Silas"
https://boris.unibe.ch/id/eprint/2903,"Klein Cardoso, Silas"
https://boris.unibe.ch/id/eprint/155525,"Hirsch-Luipold, Rainer"
https://boris.unibe.ch/id/eprint/167591,"Schliesser, Benjamin"
https://boris.unibe.ch/id/eprint/63667,"Schliesser, Benjamin"
https://boris.unibe.ch/id/eprint/49233,"Schliesser, Benjamin"
https://boris.unibe.ch/id/eprint/113778,"Schliesser, Benjamin"
https://boris.unibe.ch/id/eprint/102201,"Klein Cardoso, Silas"
https://boris.unibe.ch/id/eprint/74904,"Schliesser, Benjamin"
https://boris.unibe.ch/id/eprint/2902,"Klein Cardoso, Silas"
https://boris.unibe.ch/id/eprint/102159,"Klein Cardoso, Silas"
https://boris.unibe.ch/id/eprint/180655,"Hirsch-Luipold, Rainer"
https://boris.unibe.ch/id/eprint/36689,"Klein Cardoso, Silas"
https://boris.unibe.ch/id/eprint/172288,"Klein Cardoso, Silas"
https://boris.unibe.ch/id/eprint/123778,"Hirsch-Luipold, Rainer"
https://boris.unibe.ch/id/eprint/3757,"Schliesser, Benjamin"
https://boris.unibe.ch/id/eprint/102256,"Klein Cardoso, Silas"
https://boris.unibe.ch/id/eprint/173818,"Rahn, Nancy"
https://boris.unibe.ch/id/eprint/86210,"Hirsch-Luipold, Rainer"
https://boris.unibe.ch/id/eprint/129136,"Hirsch-Luipold, Rainer"
https://boris.unibe.ch/id/eprint/102280,"Klein Cardoso, Silas"
https://boris.unibe.ch/id/eprint/124607,"Schroer, Silvia Maria"
https://boris.unibe.ch/id/eprint/98612,"Schroer, Silvia Maria"
https://boris.unibe.ch/id/eprint/98780,"Wagner, Andreas"
https://boris.unibe.ch/id/eprint/173951,"Rahn, Nancy"
https://boris.unibe.ch/id/eprint/10854,"Hirsch-Luipold, Rainer"
https://boris.unibe.ch/id/eprint/102251,"Klein Cardoso, Silas"
https://boris.unibe.ch/id/eprint/172764,"Hirsch-Luipold, Rainer"
https://boris.unibe.ch/id/eprint/129782,"Schliesser, Benjamin"
https://boris.unibe.ch/id/eprint/2913,"Schliesser, Benjamin"
https://boris.unibe.ch/id/eprint/123783,"Hirsch-Luipold, Rainer"
https://boris.unibe.ch/id/eprint/10870,"Klein Cardoso, Silas"
https://boris.unibe.ch/id/eprint/16748,"Schliesser, Benjamin"
https://boris.unibe.ch/id/eprint/140336,"Schliesser, Benjamin"
https://boris.unibe.ch/id/eprint/102199,"Klein Cardoso, Silas"
https://boris.unibe.ch/id/eprint/98775,"Schliesser, Benjamin"
https://boris.unibe.ch/id/eprint/182278,"Rahn, Nancy"
https://boris.unibe.ch/id/eprint/67519,"Hirsch-Luipold, Rainer"
https://boris.unibe.ch/id/eprint/129133,"Hirsch-Luipold, Rainer"
https://boris.unibe.ch/id/eprint/110118,"Schliesser, Benjamin"
https://boris.unibe.ch/id/eprint/67650,"Hirsch-Luipold, Rainer"
https://boris.unibe.ch/id/eprint/66812,"Schliesser, Benjamin"
https://boris.unibe.ch/id/eprint/10882,"Klein Cardoso, Silas"
https://boris.unibe.ch/id/eprint/102281,"Klein Cardoso, Silas"
https://boris.unibe.ch/id/eprint/19553,"Schliesser, Benjamin"
https://boris.unibe.ch/id/eprint/140341,"Wagner, Andreas"
https://boris.unibe.ch/id/eprint/129469,"Hirsch-Luipold, Rainer"
https://boris.unibe.ch/id/eprint/184171,"Rahn, Nancy"
https://boris.unibe.ch/id/eprint/155478,"Schroer, Silvia Maria"
https://boris.unibe.ch/id/eprint/172057,"Rahn, Nancy"
https://boris.unibe.ch/id/eprint/140347,"Wagner, Andreas"
https://boris.unibe.ch/id/eprint/102252,"Klein Cardoso, Silas"
https://boris.unibe.ch/id/eprint/132265,"Schroer, Silvia Maria"
https://boris.unibe.ch/id/eprint/36685,"Klein Cardoso, Silas"
https://boris.unibe.ch/id/eprint/3758,"Schliesser, Benjamin"
https://boris.unibe.ch/id/eprint/102259,"Klein Cardoso, Silas"
https://boris.unibe.ch/id/eprint/173802,"Rahn, Nancy"
https://boris.unibe.ch/id/eprint/102200,"Klein Cardoso, Silas"
https://boris.unibe.ch/id/eprint/75289,"Schliesser, Benjamin"
https://boris.unibe.ch/id/eprint/32811,"Schliesser, Benjamin"
https://boris.unibe.ch/id/eprint/129458,"Hirsch-Luipold, Rainer"
https://boris.unibe.ch/id/eprint/172084,"Rahn, Nancy"
https://boris.unibe.ch/id/eprint/32863,"Schliesser, Benjamin"
https://boris.unibe.ch/id/eprint/173948,"Rahn, Nancy"
https://boris.unibe.ch/id/eprint/32809,"Schliesser, Benjamin"
https://boris.unibe.ch/id/eprint/102211,"Klein Cardoso, Silas"
https://boris.unibe.ch/id/eprint/155521,"Hirsch-Luipold, Rainer"
https://boris.unibe.ch/id/eprint/10904,"Schliesser, Benjamin"
https://boris.unibe.ch/id/eprint/102191,"Klein Cardoso, Silas"
https://boris.unibe.ch/id/eprint/76108,"Hirsch-Luipold, Rainer"
https://boris.unibe.ch/id/eprint/102158,"Klein Cardoso, Silas"
https://boris.unibe.ch/id/eprint/102219,"Klein Cardoso, Silas"
https://boris.unibe.ch/id/eprint/167844,"Schliesser, Benjamin"
https://boris.unibe.ch/id/eprint/123296,"Hirsch-Luipold, Rainer"
https://boris.unibe.ch/id/eprint/37407,"Klein Cardoso, Silas"
https://boris.unibe.ch/id/eprint/36692,"Klein Cardoso, Silas"
https://boris.unibe.ch/id/eprint/46629,"Klein Cardoso, Silas"
https://boris.unibe.ch/id/eprint/32865,"Schliesser, Benjamin"
https://boris.unibe.ch/id/eprint/47589,"Schliesser, Benjamin"
https://boris.unibe.ch/id/eprint/15901,"Hirsch-Luipold, Rainer"
https://boris.unibe.ch/id/eprint/47638,"Schliesser, Benjamin"
https://boris.unibe.ch/id/eprint/154877,"Wagner, Andreas"
https://boris.unibe.ch/id/eprint/75288,"Schliesser, Benjamin"
https://boris.unibe.ch/id/eprint/36675,"Klein Cardoso, Silas"
https://boris.unibe.ch/id/eprint/102222,"Klein Cardoso, Silas"
https://boris.unibe.ch/id/eprint/10901,"Schliesser, Benjamin"
https://boris.unibe.ch/id/eprint/122888,"Hirsch-Luipold, Rainer"
https://boris.unibe.ch/id/eprint/129776,"Schliesser, Benjamin"
https://boris.unibe.ch/id/eprint/15906,"Hirsch-Luipold, Rainer"
https://boris.unibe.ch/id/eprint/74903,"Schliesser, Benjamin"
https://boris.unibe.ch/id/eprint/102260,"Klein Cardoso, Silas"
https://boris.unibe.ch/id/eprint/2901,"Klein Cardoso, Silas"
https://boris.unibe.ch/id/eprint/102165,"Klein Cardoso, Silas"
https://boris.unibe.ch/id/eprint/63663,"Schliesser, Benjamin"
https://boris.unibe.ch/id/eprint/74906,"Schliesser, Benjamin"
https://boris.unibe.ch/id/eprint/102189,"Klein Cardoso, Silas"
https://boris.unibe.ch/id/eprint/129780,"Schliesser, Benjamin"
https://boris.unibe.ch/id/eprint/25178,"Schliesser, Benjamin"
https://boris.unibe.ch/id/eprint/32810,"Schliesser, Benjamin"
https://boris.unibe.ch/id/eprint/171084,"Schroer, Silvia Maria"
https://boris.unibe.ch/id/eprint/102225,"Klein Cardoso, Silas"
https://boris.unibe.ch/id/eprint/155480,"Schroer, Silvia Maria"
https://boris.unibe.ch/id/eprint/67521,"Hirsch-Luipold, Rainer"
https://boris.unibe.ch/id/eprint/102167,"Klein Cardoso, Silas"
https://boris.unibe.ch/id/eprint/15073,"Klein Cardoso, Silas"
https://boris.unibe.ch/id/eprint/28973,"Schliesser, Benjamin"
https://boris.unibe.ch/id/eprint/154878,"Wagner, Andreas"
https://boris.unibe.ch/id/eprint/102188,"Klein Cardoso, Silas"
https://boris.unibe.ch/id/eprint/102257,"Klein Cardoso, Silas"
https://boris.unibe.ch/id/eprint/102194,"Klein Cardoso, Silas"
https://boris.unibe.ch/id/eprint/102190,"Klein Cardoso, Silas"
https://boris.unibe.ch/id/eprint/102276,"Klein Cardoso, Silas"
https://boris.unibe.ch/id/eprint/140346,"Wagner, Andreas"
https://boris.unibe.ch/id/eprint/102169,"Klein Cardoso, Silas"
https://boris.unibe.ch/id/eprint/102205,"Klein Cardoso, Silas"
https://boris.unibe.ch/id/eprint/123295,"Hirsch-Luipold, Rainer"
https://boris.unibe.ch/id/eprint/102175,"Klein Cardoso, Silas"
https://boris.unibe.ch/id/eprint/98774,"Schliesser, Benjamin"
https://boris.unibe.ch/id/eprint/172074,"Rahn, Nancy"
https://boris.unibe.ch/id/eprint/167592,"Schliesser, Benjamin"
https://boris.unibe.ch/id/eprint/10900,"Schliesser, Benjamin"
https://boris.unibe.ch/id/eprint/102172,"Klein Cardoso, Silas"
https://boris.unibe.ch/id/eprint/154871,"Schliesser, Benjamin"
https://boris.unibe.ch/id/eprint/172063,"Rahn, Nancy"
https://boris.unibe.ch/id/eprint/30025,"Schliesser, Benjamin"
https://boris.unibe.ch/id/eprint/155524,"Hirsch-Luipold, Rainer"
https://boris.unibe.ch/id/eprint/49455,"Hirsch-Luipold, Rainer"
https://boris.unibe.ch/id/eprint/124309,"Schroer, Silvia Maria"
https://boris.unibe.ch/id/eprint/102226,"Klein Cardoso, Silas"
https://boris.unibe.ch/id/eprint/98957,"Hirsch-Luipold, Rainer"
https://boris.unibe.ch/id/eprint/19555,"Schliesser, Benjamin"
https://boris.unibe.ch/id/eprint/32813,"Schliesser, Benjamin"
https://boris.unibe.ch/id/eprint/74905,"Schliesser, Benjamin"
https://boris.unibe.ch/id/eprint/16629,"Schliesser, Benjamin"
https://boris.unibe.ch/id/eprint/172076,"Rahn, Nancy"
https://boris.unibe.ch/id/eprint/102283,"Klein Cardoso, Silas"
https://boris.unibe.ch/id/eprint/102166,"Klein Cardoso, Silas"
https://boris.unibe.ch/id/eprint/102162,"Klein Cardoso, Silas"
https://boris.unibe.ch/id/eprint/167843,"Schliesser, Benjamin"
https://boris.unibe.ch/id/eprint/37404,"Klein Cardoso, Silas"
https://boris.unibe.ch/id/eprint/13535,"Hirsch-Luipold, Rainer"
https://boris.unibe.ch/id/eprint/67649,"Hirsch-Luipold, Rainer"
https://boris.unibe.ch/id/eprint/63665,"Schliesser, Benjamin"
https://boris.unibe.ch/id/eprint/110115,"Schliesser, Benjamin"
https://boris.unibe.ch/id/eprint/15907,"Hirsch-Luipold, Rainer"
https://boris.unibe.ch/id/eprint/129137,"Hirsch-Luipold, Rainer"
https://boris.unibe.ch/id/eprint/13543,"Hirsch-Luipold, Rainer"
https://boris.unibe.ch/id/eprint/13541,"Hirsch-Luipold, Rainer"
https://boris.unibe.ch/id/eprint/154874,"Schliesser, Benjamin"
https://boris.unibe.ch/id/eprint/98743,"Schroer, Silvia Maria"
https://boris.unibe.ch/id/eprint/36681,"Klein Cardoso, Silas"
https://boris.unibe.ch/id/eprint/49231,"Schliesser, Benjamin"
https://boris.unibe.ch/id/eprint/129134,"Hirsch-Luipold, Rainer"
https://boris.unibe.ch/id/eprint/102227,"Klein Cardoso, Silas"
https://boris.unibe.ch/id/eprint/155523,"Hirsch-Luipold, Rainer"
https://boris.unibe.ch/id/eprint/173949,"Rahn, Nancy"
https://boris.unibe.ch/id/eprint/16727,"Schliesser, Benjamin"
https://boris.unibe.ch/id/eprint/16804,"Klein Cardoso, Silas"
https://boris.unibe.ch/id/eprint/67652,"Hirsch-Luipold, Rainer"
https://boris.unibe.ch/id/eprint/171077,"Schroer, Silvia Maria"
https://boris.unibe.ch/id/eprint/28976,"Schliesser, Benjamin"
https://boris.unibe.ch/id/eprint/102253,"Klein Cardoso, Silas"
https://boris.unibe.ch/id/eprint/28977,"Schliesser, Benjamin"
https://boris.unibe.ch/id/eprint/113463,"Schroer, Silvia Maria"
https://boris.unibe.ch/id/eprint/36683,"Klein Cardoso, Silas"
https://boris.unibe.ch/id/eprint/102178,"Klein Cardoso, Silas"
https://boris.unibe.ch/id/eprint/98776,"Schliesser, Benjamin"
https://boris.unibe.ch/id/eprint/102207,"Klein Cardoso, Silas"
https://boris.unibe.ch/id/eprint/37405,"Klein Cardoso, Silas"
https://boris.unibe.ch/id/eprint/102279,"Klein Cardoso, Silas"
https://boris.unibe.ch/id/eprint/135696,"Hirsch-Luipold, Rainer"
https://boris.unibe.ch/id/eprint/25174,"Schliesser, Benjamin"
https://boris.unibe.ch/id/eprint/32807,"Schliesser, Benjamin"
https://boris.unibe.ch/id/eprint/171282,"Hirsch-Luipold, Rainer"
https://boris.unibe.ch/id/eprint/102198,"Klein Cardoso, Silas"
https://boris.unibe.ch/id/eprint/32867,"Schliesser, Benjamin"
https://boris.unibe.ch/id/eprint/16872,"Hirsch-Luipold, Rainer"
https://boris.unibe.ch/id/eprint/102210,"Klein Cardoso, Silas"
